{"cameraMode":{"drawMode":0,"name":"Shaded","section":"Shading Mode"},"sceneLighting":true,"audioPlay":false,"sceneViewState":{"m_AlwaysRefresh":false,"showFog":true,"showSkybox":true,"showFlares":true,"showImageEffects":true,"showParticleSystems":true,"showVisualEffectGraphs":true,"m_FxEnabled":true},"in2DMode":false,"pivot":{"x":0.7162823677062988,"y":-0.026154041290283204,"z":3.5405383110046388},"rotation":{"x":-0.3486316502094269,"y":0.47280237078666689,"z":-0.2109791338443756,"w":-0.7812989950180054},"size":11.030190467834473,"orthographic":false}